Бот в телеграме,до500,https://kwork.ru/projects/1345704
Парсинг объявлений Google Adwords,7000,https://kwork.ru/projects/1345697
Парсинг товаров + выгрузка в 1С + woocommerce,5000,https://kwork.ru/projects/1345416
Парсинг данных компаний Москвы и МО,1000,https://kwork.ru/projects/1345321
Необходимо открыть контакты резюме с рекрутских сайтов,3000,https://kwork.ru/projects/1345186
Сделать парсер сайтов из яндекс директ,10000,https://kwork.ru/projects/1345078
Написать скрипт,10000,https://kwork.ru/projects/1345072
Сделать парсер для автоматического парсинга,2000,https://kwork.ru/projects/1345032
Нужен бот для чата,1500,https://kwork.ru/projects/1344895
Парсинг с сайтов интернет-магазинов на дискорд сервер,4000,https://kwork.ru/projects/1344871
Ищу разработчика PHP,10000,https://kwork.ru/projects/1344808
Вход в Инстаграмм,1200,https://kwork.ru/projects/1344810
Парсер Сайта с интерфейсом,1000,https://kwork.ru/projects/1344747
Разработать парсер,3500,https://kwork.ru/projects/1344659
"Выгрузить рекламу Яндекс Директ, 5 компаний, 50 ключей",Цена:500,https://kwork.ru/projects/1344633
Спарсить открытые данные с сайта источника,до500,https://kwork.ru/projects/1344468
Скрипт для парсинга телеграм-чатов,3000,https://kwork.ru/projects/1344453
Парсинг данных,1000,https://kwork.ru/projects/1344450
Многопоточный скрипт парсинга на PHP,3000,https://kwork.ru/projects/1344156
Нужно спарсить название всех аккаунтов в соц сетях,3000,https://kwork.ru/projects/1344118
